metric,Ward100
f1448114,23
f1448014,23
f1539214,95
f1445214,95
f1448314,23
f1449214,23
f1443214,22
f1445014,23
f1440214,22
f1443014,22
f1448214,95
f1539014,23
f1441914,22
f1440714,22
f1450114,95
f1440814,22
f1443314,22
f1332118,22
f1434414,95
f1445114,82
f1447914,23
f1440014,23
f1538414,95
f1332218,22
f1332318,22
f1434614,95
f1542114,22
f1451414,23
f1440314,23
f1458414,95
f1539114,82
f1447114,23
f1440414,23
f1442014,94
f1451114,23
f1457214,23
f1451314,23
f1457014,23
f1440514,23
f1457314,23
f1457114,23
f1451014,23
f1541414,23
f1435214,23
f1478310,21
f1461214,23
f1540814,1
f1434514,95
f1445314,23
f1542214,22
f1540014,23
f1459114,88
f0490118,4
f1477510,21
f1486910,87
f1450914,95
f1538114,95
f1322618,95
f1476310,21
f1477110,21
f1476710,21
f1477910,21
f0978118,3
f1539914,23
f1541214,95
f1440114,22
f1541814,22
f1317318,1
f1442714,81
f1475110,21
f1541914,22
f1484610,88
f1475510,21
f1487410,87
ALAND_PCT_URB,34
ALAND_PCT_RUR,34
f1456514,98
f1456814,98
f1475910,21
f1456414,98
f1447014,98
f1456714,98
f1540914,95
f1537914,95
f1461414,95
f1317118,1
f1050618,1
f1540214,23
f1156810,80
f1120918,4
f1344510,98
f1344410,98
f1437914,80
f1344310,98
f1446014,81
f1156610,80
f1157010,80
f1439114,81
f1439014,81
f1186618,4
f1344210,98
f1463910,98
f0886118,4
f1160810,81
f1463610,98
f1456014,81
f1437814,80
f1450714,95
f1483814,81
f1485610,98
f1156710,80
f1485510,98
f1442514,80
f1397515,23
f1554418,14
f1156410,80
f1317418,1
f1433514,81
f1441814,98
f1433614,81
f1444914,98
f1437714,80
f1456314,81
f1344710,98
f1549218,14
f1392618,98
f1554318,14
f1392218,81
f1165310,80
f1447614,80
f1156510,80
f1157710,81
f1158910,81
f0453610,81
f1488710,81
f0454210,81
f1463810,81
f1392718,98
f1157810,81
f1322518,14
f1159110,81
f1463510,81
f1158010,81
f1156910,80
f1158210,81
f1458914,88
f1530218,89
f1398218,88
f1166610,81
f1529218,29
f1398118,88
f1157910,81
f1492210,93
f1109318,4
f1344610,98
f1158110,81
f1446714,80
f1441714,81
f0491818,4
f1120818,4
f1467518,4
f1452014,98
f1158710,81
f1157510,81
f1157610,81
f1392118,81
f1359210,85
f1552618,21
f1392018,81
POPDEN_URB,88
f1356110,87
f1387610,88
f1439214,81
f1552218,21
f1444614,80
POPDEN_COU,88
f1347310,80
f1317518,1
f1541314,1
f1438914,81
f1488810,98
f1158310,81
f1157410,81
f1157310,81
f1156210,80
f1157210,81
f1157110,81
f1460314,86
f1158510,81
f1438014,80
f1156310,80
f1553518,14
f1318318,1
f1446214,98
f1525210,83
f1529718,89
f0478518,4
f1358710,81
f1440614,23
f1529318,89
f0679519,23
f1343310,98
f1392318,81
f1489719,1
f1343210,98
f1322418,14
f1145810,98
f1553618,14
f1454814,80
f1553918,14
f1554018,14
f1441514,80
f1166510,80
f1455114,80
f1540714,95
f1492310,93
f1343110,98
f1359010,88
f1160310,97
f1158410,81
f1343010,98
f1454914,80
f1444814,81
f1165210,80
f1445814,80
f1451714,98
f1455014,80
f1467718,4
f1485710,98
f1488510,80
f1548318,14
f1451914,98
f1454614,80
f1156110,80
f1433814,81
f1529118,34
f1529018,34
f1553018,21
f1170618,4
f1159010,81
f1550218,21
f1359419,91
f1159210,81
f1451614,98
f1549118,14
f1488010,98
f1438114,80
f1548418,14
f1454714,80
f0972610,83
f1167310,83
f1344910,83
f1392418,81
f1549818,21
f1392518,81
f1538714,91
f0874610,97
f1156010,80
f1145710,98
f1158810,81
f1540514,91
f1346310,98
f0453510,80
f0454110,80
f1347010,81
f1356010,87
f0874310,84
f1343410,98
f1439914,98
f1547818,21
f1538514,91
f1540314,91
f0490618,4
f1548718,14
f1550618,21
f1459414,1
f1547418,21
f1155810,80
f1158610,81
f1540414,91
f1548818,14
f1159410,81
f1344110,98
f1343510,98
f1548218,21
f1344810,83
f0491918,4
f1346810,80
f1551118,14
f1159310,81
f1551218,14
f1478710,21
f1444114,98
f1203418,4
f0482118,5
f1435114,98
f1456114,81
f1541514,98
f1455814,81
f1550918,14
f0481818,4
f1170518,4
f1322318,14
f0873910,84
f1170418,4
f1456214,81
f1139619,91
f1550718,14
f1155610,80
f1455914,81
f1155410,80
f1449114,95
f1450014,95
f1540114,98
f1166110,98
f1542514,22
f0453710,98
f1446914,81
f0453110,98
f1160410,98
f1439314,81
f1387710,88
f1435014,94
HOUDEN_COU,88
f1155310,80
f1538814,91
f1155110,80
f1155210,80
f1351410,84
f1547015,22
HOUDEN_URB,88
f1155910,80
f1131918,1
f1468818,4
f1468418,4
f1439814,94
f1438214,80
f1350910,85
f1317218,1
f0460318,4
f1154910,80
f1551518,14
f0478318,4
f1491810,93
f1335710,96
f0504418,4
f1441014,98
f1145510,98
f1155510,80
f1155010,80
f1487110,85
f1145910,98
f04440,34
f1146010,98
f1155710,80
f1350410,85
f1484710,80
f1344010,98
f1154710,80
f1154810,80
f1434114,95
f1350610,85
f0679319,14
f1434314,98
f1154610,80
f1159510,81
f1154510,80
f1342910,98
f1342810,98
f1484310,88
f0852510,83
f1458814,95
f0886318,4
f1187718,4
f1460114,95
f1107818,5
f1186518,4
f0874410,97
f1548518,14
f0461818,5
f1249014,22
f1539714,91
f1317618,1
f1451214,98
f1550818,14
f1211818,4
f1541614,23
f1461314,95
f1350510,85
f1476910,14
f1145610,98
f1551618,14
f1159610,81
f0490718,4
f1529818,89
f1460214,86
f1165410,81
f1533414,22
POPPCT_RUR,93
POPPCT_URB,93
f1201618,4
HOUPCT_URB,93
HOUPCT_RUR,93
f0852010,83
f1186718,4
f1343810,98
f1492110,93
f1491710,93
f1491610,93
f1551318,14
f1492010,93
f1335610,96
f1539514,91
f1168418,4
f1118718,4
f1168518,4
f1539414,91
f1548918,14
f1458214,29
f0851600,93
f1434814,94
f1433714,81
f1537614,95
f1539314,91
f0490018,4
f1465019,1
f0460918,4
f1121118,4
f1345010,83
f1204418,4
f1447414,96
f04439,34
f1334510,96
f1211918,4
f1450814,26
f1368000,93
f1345110,83
f1334710,96
f1460414,86
f1553418,21
f1437014,96
f1464719,34
f1528918,95
f1187618,4
f1456614,94
f1530718,89
f1212818,5
f0497818,4
f0460218,5
f1201718,4
f1442914,22
f1165510,81
f1551818,21
HOUDEN_RUR,34
f1451514,98
f1076118,4
f0672110,82
f0463818,4
f1116618,4
f1357110,87
f0982618,4
f0874210,84
POPDEN_RUR,34
f0505618,4
f1144710,98
f1434914,94
f1335510,96
f0886218,4
f1076018,4
f1549418,21
f1350710,85
f1144810,98
f1168618,4
f1478610,14
f0982818,4
f0474518,4
f0679219,14
f1439414,81
f1443414,83
f0504518,4
f1367900,93
f1434014,95
f1343910,98
f1188518,4
f1149010,97
f1390818,98
f1131818,1
f1486810,85
f1487810,79
f0460618,3
f1475810,14
f1451814,94
f1204818,4
f1208018,4
f1489619,1
f0473318,5
f1550418,14
f1491319,1
f1477010,14
f0983018,4
f1345510,83
f1468118,5
f1476110,14
f0509318,3
f1491519,34
f1121518,5
f1468518,5
f1464819,23
f0469718,4
f0460518,5
f0462118,5
f1116018,3
f0475018,3
f1468218,5
f0474818,3
f0482018,5
f1167418,4
f1456914,94
f1212918,5
f0885718,5
f0497918,4
f1408417,14
f1167618,4
f0477518,3
f1468618,5
f0462218,3
f0473018,5
f1167518,4
f1115118,5
f0491718,5
f0462518,3
f0886018,65
f1199818,65
f0514718,4
f1172618,5
f1187118,5
f1118118,3
f1443514,84
f1113018,4
f0493618,4
f0002013,92
f1447814,81
f0469518,4
f0506218,3
f1187218,5
f0477318,3
f1491019,23
f0500218,4
f1188618,4
f0473418,3
f0473718,4
f1491119,23
f1476510,14
f1358810,88
f0463318,4
f0505718,4
f0500318,4
f1443614,84
f0464318,4
f1050718,1
f0463118,4
f0474318,5
f1115718,5
f1121218,3
f1109018,4
f1210018,3
f1187518,4
f0490518,5
f0463618,4
f0982118,7
f0509218,3
f1445614,96
f1172518,5
f1121718,8
f0470218,4
f1172418,5
f0491218,65
f0493718,4
f1108718,4
f1334410,96
f1108418,4
f0464118,4
f1439714,94
f0671910,95
f1204618,4
f0506818,5
f0504318,5
f0873710,83
f1442314,96
f1146310,83
f1335410,96
f1553718,14
f0510418,4
f1144510,98
f1453514,96
f1202418,65
f1453414,96
f1335810,96
f0474718,5
f1144610,98
f0475518,5
f00023,34
f1391418,96
f1343610,24
f1530518,89
f1328418,4
f0467118,5
f1436714,96
f1367700,93
f1390918,98
f1050518,1
f1111818,5
f0510518,4
RURALBLOCKS,35
f0672210,82
f1170918,7
f0476518,5
f1172918,5
f0477718,3
f1391518,96
f0475318,5
f0492918,5
f1441314,96
f1335910,96
f1492510,93
f1346610,96
f1538614,95
f0506118,3
f0466818,5
f1345210,83
f1550318,14
f1334610,96
f1453714,96
f1453814,96
f1551718,14
f1116318,5
f1447714,99
f1442814,94
f1444414,96
f0514618,4
f1351310,84
f0470018,4
f1146410,83
f0493518,4
f1436814,96
f1187018,5
f1144410,98
f1113318,4
f1554118,14
f1346010,96
f1149210,97
f1334910,96
f1465710,96
f1188718,4
f1465210,96
f0500118,4
f0494218,4
f1106918,65
f0506918,5
f1446514,96
f1463314,83
f1478210,14
f0671710,83
f1188118,7
f1199718,65
f0493018,4
f1255913,92
f0461018,65
f1459714,92
f0508018,5
f0497218,5
f0672410,82
f0506318,3
f1359519,91
f0466618,5
f1439614,94
f1199618,65
f0982318,7
f1164710,97
f1434714,94
f0475218,3
f1540614,1
f1452114,94
f0500818,4
f1475010,14
f1461614,84
ALAND_COU,35
ALAND_Mi2_COU,35
f0972110,35
f1111518,5
f0493118,4
f1474518,34
f1541014,95
f0672010,82
f1396313,59
f1435814,97
f1550018,14
f0494118,4
f1467414,84
f1486210,85
f0498418,4
f1203518,2
f1447214,97
f1186218,4
f1168918,5
f1474418,34
f1477410,14
f1465410,87
f1350810,85
f1345310,83
f1478110,14
f1476810,14
f1343710,24
f1144310,98
f1453614,96
f1356310,96
f1436914,96
f1549318,14
f1453914,96
f1551018,21
f1332610,96
f1345710,96
f0497718,5
f1477310,14
f1549518,14
f1488310,96
f1552918,14
f1552018,14
f1538014,1
f1486410,90
f1552418,14
f1477710,14
f1145410,98
f1548118,14
f1443814,95
f1550518,14
f1554518,14
f1336010,96
f1334810,96
f1335310,96
f1446114,95
f1549618,14
f0981318,5
f1539814,1
f1169418,4
f1552118,14
f1551418,21
f1119618,5
f0505518,5
f1547318,14
HOU_URB,90
POP_URB,90
f1483910,84
f0509118,7
f1335010,96
f1549718,14
f1336110,96
f1169518,4
f1335110,96
f0515318,8
f1491419,34
f0670510,84
HOU_COU,90
f1476010,14
f1186018,4
f0510318,4
f1139860,30
f0981118,5
f1538914,82
f1552818,14
f1387410,35
f0851710,98
f1526619,90
f1145310,98
f1476210,14
f1355910,15
f1120218,7
f1117218,5
f1121418,3
f0509818,5
f1459014,34
f1077518,5
f0852210,98
f1336210,96
f0017970,30
f1335210,96
f1265918,72
f0670410,84
f0853010,97
f0671010,82
ALAND_RUR,35
ALAND_Mi2_RUR,35
f1169618,4
f0476318,5
f1171918,7
f1439514,94
f1436514,96
f1530118,29
f1552518,14
f1553318,14
f1475410,14
f1547718,14
f1049818,1
f1357710,96
f1462114,92
f1148910,97
f1208118,3
f1164310,83
f1529918,29
f0472518,4
f1209418,5
f1476610,14
f1164610,97
f0932618,72
f1255718,82
f1033918,72
f0470718,4
f1537714,84
f1550118,14
f1114818,4
f1208418,4
f0884310,84
f0874510,84
f1359110,90
f0500718,4
f1171618,7
f1367600,93
f1458514,29
f1434214,95
f1529518,90
f1336410,96
f1465910,87
f1149110,97
f1397615,23
f1464919,1
f1433914,22
f1351210,24
f1351510,84
f1419912,13
f1420512,13
f1352110,43
f1420312,13
f1420012,13
f1420112,13
f1358210,34
f1358110,100
f1351610,43
f1352010,42
f1358010,100
f1419812,13
f1420412,13
f1351710,43
f1351810,42
f1351910,43
f1420212,13
f1423713,74
f1419712,13
f1351010,24
f1435714,97
f1435614,97
f1435514,97
f1350110,85
f1435414,97
f1435314,97
f1350210,85
f1360216,10
f1350310,85
f1360116,12
f1359310,79
f1351110,24
f1419612,13
f1358910,85
f1414318,72
f1414418,17
f1419320,43
f1419420,43
f1358610,99
f1420719,12
f1358510,100
f1419520,43
f1358410,28
f1358310,100
f1420612,13
f1357310,96
f1420819,28
f1420918,68
f1355610,44
f1421318,66
f1355410,44
f1421418,68
f1421518,78
f1355310,33
f1355210,15
f1353610,42
f1353710,43
f1355110,53
f1353810,43
f1353910,43
f1354010,42
f1360316,10
f1354110,79
f1355010,43
f1354910,43
f1354810,43
f1354210,43
f1421618,53
f1354710,43
f1421718,53
f1354610,43
f1421918,73
f1422018,17
f1354310,42
f1354410,43
f1354510,43
f1422118,72
f1355810,44
f1353510,15
f1356210,28
f1357210,96
f1357910,100
f1357810,100
f1357610,96
f1357510,96
f1352210,42
f1357410,96
f1352310,43
f1422218,17
f1352410,42
f1352510,43
f1421018,66
f1352610,42
f1352710,43
f1357010,96
f1421218,66
f1356910,28
f1352810,42
f1356810,96
f1352910,53
f1353010,43
f1353110,42
f1356710,100
f1356610,96
f1356510,28
f1353310,15
f1356410,96
f1421118,66
f1353410,43
f1404818,37
f1361918,78
f1360416,10
f1393418,78
f1409818,67
f1396703,59
f1409718,78
f1409618,69
f1409518,8
f1396803,59
f1396903,59
f1397003,7
f1397103,59
f1397203,59
f1397315,31
f1409418,53
f1409318,1
f1409218,8
f1409118,84
f1408318,83
f1397715,10
f1397918,97
f1398018,97
f1408218,71
f1399919,32
f1410018,68
f1396603,43
f1410118,68
f1410918,16
f1393618,78
f1411318,16
f1411218,16
f1411118,16
f1411018,53
f1393718,20
f1395810,75
f1395903,75
f1396003,75
f1410818,66
f1410218,67
f1410718,66
f1410618,67
f1410518,67
f1396103,75
f1410418,78
f1410318,78
f1396203,75
f1396403,59
f1396503,59
f1408118,71
f1408018,7
f1400018,76
f1404218,73
f1403518,66
f1406818,67
f1406720,27
f1403618,20
f1405818,37
f1405718,77
f1405618,77
f1404118,73
f1405518,37
f1404318,17
f1403418,27
f1405418,77
f1404418,18
f1405318,77
f1405218,37
f1404518,77
f1404618,77
f1405118,37
f1404718,37
f1405018,77
f1406918,71
f1403318,66
f1407918,7
f1401018,18
f1400218,78
f1400418,67
f1407818,7
f1400518,53
f1400618,78
f1400718,71
f1407718,7
f1400818,66
f1400918,73
f1401118,72
f1407018,67
f1407618,7
f1407518,67
f1407418,78
f1407318,71
f1407218,67
f1407118,71
f1401218,17
f1403118,92
f1403218,92
f1393518,78
f1393318,66
f1360516,10
f1393218,78
f1364418,46
f1364518,46
f1364618,47
f1364718,47
f1364818,43
f1364918,53
f1365018,7
f1365118,7
f1365218,7
f1365318,43
f1365418,7
f1365518,52
f1365618,53
f1365718,53
f1365818,43
f1365918,43
f1366018,53
f1366118,7
f1366218,7
f1366318,52
f1366418,53
f1364318,43
f1364218,43
f1364118,43
f1413918,72
f1360616,10
f1360816,10
f1361318,78
f1361418,68
f1361518,68
f1361618,78
f1414218,20
f1414118,73
f1414018,17
f1361718,66
f1364018,43
f1413818,20
f1413718,73
f1361818,78
f1404918,77
f1363518,47
f1363618,47
f1363718,47
f1363818,46
f1363918,46
f1366510,75
f1366610,75
f1366701,23
f1411718,16
f1389420,43
f1390618,34
f1390718,34
f1391018,97
f1391118,97
f1411918,53
f1411818,17
f1391218,15
f1391318,15
f1411618,16
f1412018,17
f1411518,16
f1411418,16
f1391618,100
f1391718,100
f1391918,99
f1392818,78
f1392918,73
f1393018,68
f1393118,78
f1389320,40
f1412118,53
f1367501,43
f1388318,64
f1367800,27
f1387016,10
f1387510,44
f1387818,61
f1387918,64
f1388018,64
f1388118,61
f1388218,64
f1413618,41
f1413518,72
f1412718,66
f1413418,20
f1413318,72
f1413218,17
f1388418,61
f1389120,40
f1389220,43
f1413118,72
f1413018,20
f1412918,73
f1391818,99
f1457614,31
f1435914,15
f1525719,33
f1525519,33
f1525419,33
f1525319,33
f1525110,84
f1525010,29
f1498919,43
f1498819,43
f1493116,10
f1493016,10
f1492410,27
f1491910,27
f1491219,1
f1490919,59
f1490819,43
f1490719,74
f1490619,74
f1490519,46
f1490419,46
f1490319,73
f1490219,73
f1490119,73
f1490019,74
f1489919,75
f1489819,75
f1489510,24
f1525619,33
f1525819,33
f1436014,15
f1525919,33
f1532013,75
f1531913,75
f1531813,75
f1531713,75
f1531613,74
f1531513,74
f1531413,74
f1531313,74
f1531213,74
f1531113,74
f1531013,74
f1530918,10
f1530818,12
f1530618,12
f1530418,10
f1530318,12
f1530018,12
f1529618,90
f1529418,14
f1528818,14
f1527418,68
f1526519,10
f1526419,10
f1526119,33
f1526019,33
f1489410,18
f1489310,43
f1489210,30
f1489110,43
f1484210,43
f1484110,43
f1484010,83
f1483218,78
f1483018,78
f1482710,20
f1482610,53
f1482510,20
f1482410,53
f1482318,37
f1482218,77
f1481918,18
f1481818,70
f1481718,18
f1481618,70
f1481518,20
f1481418,70
f1481318,19
f1481218,70
f1481118,18
f1481018,70
f1480918,19
f1480818,70
f1480718,19
f1480618,70
f1484410,43
f1484510,80
f1484810,44
f1486710,85
f1489010,32
f1488610,99
f1488410,100
f1488210,15
f1488110,97
f1487710,79
f1487610,79
f1487510,79
f1487310,85
f1487210,85
f1487010,87
f1486610,39
f1484910,44
f1486510,85
f1486310,90
f1486110,85
f1486010,85
f1485910,90
f1485810,85
f1485410,100
f1485310,87
f1485210,53
f1485110,53
f1485010,69
f1532113,75
f1532418,78
f1532518,67
f1547518,14
f1556118,53
f1556018,71
f1555918,19
f1555818,71
f1555718,20
f1555618,71
f1555518,20
f1555418,71
f1555317,10
f1555118,12
f1555018,12
f1554918,83
f1554618,21
f1554218,21
f1553818,21
f1553218,14
f1553118,14
f1552718,14
f1552318,14
f1551918,14
f1549918,14
f1549018,21
f1548618,21
f1548018,14
f1547918,14
f1556218,78
f1556318,68
f1556419,11
f1557818,68
f1558918,68
f1558818,68
f1558718,76
f1558618,66
f1558518,43
f1558418,78
f1558318,68
f1558214,43
f1558117,10
f1558018,68
f1557918,68
f1557718,68
f1556519,11
f1557618,68
f1557518,68
f1557418,69
f1557318,69
f1557218,69
f1557118,69
f1557018,69
f1556918,69
f1556818,69
f1556719,10
f1556619,10
f1547618,14
f1547218,14
f1532618,20
f1547118,14
f1544116,10
f1544016,10
f1543916,10
f1543816,10
f1542618,53
f1542414,22
f1542314,83
f1542014,84
f1541714,32
f1541114,95
f1539614,91
f1538314,83
f1538214,83
f1537814,95
f1533919,43
f1533814,53
f1533618,84
f1533518,12
f1533313,75
f1533213,75
f1533113,75
f1533018,43
f1532918,27
f1532818,17
f1532718,66
f1544216,12
f1544316,10
f1544416,12
f1545819,11
f1546915,31
f1546816,10
f1546716,10
f1546619,11
f1546519,11
f1546419,11
f1546319,11
f1546219,11
f1546116,10
f1546019,11
f1545919,11
f1545716,43
f1544519,33
f1545619,10
f1545519,11
f1545419,11
f1545319,11
f1545219,11
f1545119,10
f1545019,11
f1544919,11
f1544819,89
f1544719,89
f1544619,89
f1480518,18
f1480418,70
f1480318,18
f1449714,26
f1455214,99
f1454514,100
f1454414,100
f1454314,100
f1454214,100
f1454114,100
f1454014,100
f1453314,15
f1453214,15
f1453114,15
f1453014,15
f1452914,15
f1452814,15
f1452714,97
f1452614,97
f1452514,97
f1452414,97
f1452314,97
f1452214,97
f1450614,26
f1450514,27
f1450414,25
f1450314,25
f1450214,25
f1449914,26
f1455314,99
f1455414,99
f1455514,99
f1459214,88
f1461014,86
f1460914,86
f1460814,28
f1460714,86
f1460614,86
f1460014,23
f1459914,86
f1459814,86
f1459614,92
f1459514,10
f1459314,1
f1458714,85
f1455614,99
f1458614,29
f1458314,85
f1458114,29
f1458014,92
f1457914,92
f1457814,1
f1457714,86
f1349910,43
f1457514,61
f1457414,31
f1455714,99
f1449814,25
f1449614,27
f1461514,100
f1449514,25
f1442414,100
f1442214,15
f1442114,97
f1441614,99
f1441414,100
f1441214,15
f1441114,97
f1440914,32
f1438814,99
f1438714,99
f1438614,99
f1438514,99
f1438414,99
f1438314,99
f1437614,100
f1437514,100
f1437414,100
f1437314,100
f1437214,100
f1437114,100
f1436614,96
f1436414,15
f1436314,15
f1436214,15
f1436114,15
f1442614,99
f1443114,84
f1443714,83
f1446814,99
f1449414,25
f1449314,25
f1449014,26
f1448914,25
f1448814,26
f1448714,27
f1448614,25
f1448514,25
f1448414,25
f1447514,100
f1447314,15
f1446614,100
f1443914,29
f1446414,15
f1446314,97
f1445914,99
f1445714,100
f1445514,15
f1445414,97
f1444714,99
f1444514,100
f1444314,15
f1444214,97
f1444014,82
f1461114,28
f1461814,100
f1480218,70
f1471818,64
f1474618,64
f1474318,64
f1474218,64
f1474118,64
f1474018,64
f1473918,64
f1473818,64
f1473718,64
f1473618,64
f1473518,64
f1473418,64
f1473318,64
f1473218,64
f1473118,64
f1473018,64
f1472918,64
f1472818,64
f1472718,64
f1472618,64
f1472518,64
f1472418,64
f1472318,64
f1472218,64
f1472118,64
f1472018,64
f1474718,64
f1474810,14
f1474910,14
f1479018,68
f1480118,18
f1480018,70
f1479918,19
f1479818,43
f1479718,19
f1479618,28
f1479518,18
f1479418,43
f1479318,78
f1479218,68
f1479118,66
f1478918,71
f1475210,14
f1478818,66
f1478510,14
f1478410,14
f1478010,14
f1477810,14
f1477610,14
f1477210,14
f1476410,14
f1475710,14
f1475610,14
f1475310,14
f1471918,64
f1471718,64
f1461914,22
f1471618,64
f1467918,64
f1467818,7
f1467618,7
f1466718,20
f1466618,20
f1466518,66
f1466418,53
f1466318,78
f1466218,71
f1466118,67
f1466010,99
f1465810,100
f1465610,15
f1465510,99
f1465310,100
f1465110,15
f1464619,73
f1464519,59
f1464419,74
f1464319,46
f1464219,73
f1464119,75
f1464010,27
f1463710,97
f1463414,27
f1468018,64
f1468318,8
f1468718,8
f1470418,64
f1471518,64
f1471418,64
f1471318,64
f1471218,43
f1471118,43
f1471018,43
f1470918,64
f1470818,64
f1470718,64
f1470618,64
f1470518,64
f1470318,64
f1468918,64
f1470218,64
f1470118,64
f1470018,64
f1469918,64
f1469818,64
f1469718,64
f1469618,64
f1469518,64
f1469418,64
f1469318,64
f1469018,64
f1350010,43
f1317016,10
f1349810,43
f1011418,53
f1008118,53
f1008218,51
f1008418,53
f1008918,53
f1009018,53
f1009218,53
f1009518,8
f1009618,7
f1009818,53
f1010118,3
f1010218,7
f1010418,53
f1010718,51
f1010818,7
f1011018,51
f1007818,53
f1007618,51
f1007518,51
f1005718,43
f1004518,53
f1004618,9
f1004818,53
f1005118,43
f1005218,7
f1005418,43
f1005818,51
f1007218,53
f1006018,43
f1006318,43
f1006418,9
f1006618,43
f1006918,53
f1007018,53
f1011318,43
f1011618,50
f1018818,53
f1011918,51
f1015618,57
f1015818,53
f1016118,54
f1016218,7
f1016418,51
f1016718,43
f1016818,9
f1017018,54
f1017318,51
f1017418,51
f1017618,57
f1017918,4
f1018018,58
f1018218,4
f1018518,4
f1015518,56
f1015218,43
f1015018,54
f1013218,7
f1012018,7
f1012218,51
f1012518,48
f1012618,56
f1012818,54
f1013118,3
f1013418,3
f1014918,54
f1013718,8
f1013818,8
f1014018,4
f1014318,4
f1014418,8
f1014618,53
f1003618,43
f1003418,51
f1003318,53
f1003018,43
f0958618,19
f0958718,73
f0958918,19
f0959218,90
f0959318,92
f0959418,17
f0959518,63
f0959618,73
f0959718,20
f0959818,63
f0960718,92
f0960818,17
f0960918,73
f0961018,20
f0961918,67
f0958418,19
f0958318,73
f0958018,41
f0956718,20
f0954518,73
f0954618,73
f0954718,18
f0954818,73
f0955218,63
f0956618,73
f0956818,20
f0957818,17
f0957118,63
f0957218,73
f0957418,20
f0957518,73
f0957618,20
f0957718,73
f0962318,77
f0962418,37
f0970618,73
f1001318,53
f0998318,53
f0998418,8
f0998618,60
f0998918,51
f0999018,8
f0999218,43
f1001418,54
f0997818,8
f1001618,39
f1001918,51
f1002018,8
f1002218,53
f1002718,51
f1002818,9
f0998018,53
f0997718,8
f0970718,73
f0982018,9
f0977818,14
f0978720,28
f0979220,10
f0981518,5
f0981618,9
f0981818,9
f0982518,7
f0995518,43
f0994718,38
f0994918,38
f0995018,53
f0995118,38
f0995218,43
f0995318,53
f1018618,7
f1019118,51
f0954318,78
f1129718,53
f1120518,8
f1120718,9
f1121318,7
f1121618,7
f1126918,62
f1127018,61
f1127118,60
f1127318,100
f1127418,61
f1127518,61
f1127718,60
f1127818,61
f1127918,60
f1128918,100
f1129018,61
f1120418,8
f1120118,53
f1119918,5
f1118318,3
f1117118,53
f1117418,8
f1117518,9
f1117718,9
f1117818,48
f1118018,53
f1118418,5
f1119818,9
f1118618,8
f1118918,53
f1119018,58
f1119218,60
f1119318,56
f1119518,56
f1129118,57
f1129818,61
f1019218,54
f1129918,60
f1139418,76
f1139790,44
f1139918,17
f1140018,16
f1140118,17
f1140218,17
f1140318,18
f1140418,43
f1140518,46
f1140618,63
f1140718,63
f1140818,63
f1143718,69
f1143918,69
f1144910,24
f1139318,76
f1139218,27
f1139118,92
f1130818,72
f1130118,62
f1130218,61
f1130318,60
f1130518,62
f1130618,61
f1130718,60
f1130918,20
f1139018,73
f1133718,77
f1133918,76
f1138618,92
f1138718,76
f1138818,66
f1138918,53
f1116918,50
f1116818,57
f1116518,51
f1116218,8
f1068918,41
f1069018,43
f1074918,53
f1075018,43
f1075118,43
f1075218,38
f1075918,7
f1076218,4
f1076418,9
f1076518,9
f1076618,9
f1076718,9
f1077318,7
f1077418,5
f1077618,5
f1068718,43
f1068618,37
f1068518,18
f1033818,20
f1019418,51
f1031318,73
f1031418,17
f1031518,73
f1031618,17
f1033718,73
f1034018,17
f1068418,37
f1067718,16
f1067818,18
f1067918,37
f1068018,43
f1068218,41
f1068318,43
f1077718,7
f1077818,7
f1077918,7
f1114418,46
f1113518,51
f1113618,4
f1113818,57
f1113918,4
f1114118,53
f1114218,6
f1114518,5
f1112618,57
f1114718,51
f1115018,54
f1115318,8
f1115418,45
f1115618,53
f1115918,8
f1113218,8
f1112418,7
f1078018,7
f1108918,8
f1106818,8
f1107118,57
f1107218,38
f1107418,53
f1108018,8
f1108618,8
f1109218,8
f1112318,8
f1109518,8
f1111218,7
f1111418,53
f1111718,8
f1112018,8
f1112118,5
f0954418,16
f0954218,16
f1145110,98
f0493418,7
f0479318,56
f0479518,56
f0479718,53
f0480318,5
f0480518,5
f0480718,5
f0481318,8
f0481518,8
f0481718,8
f0481918,8
f0490418,7
f0491018,65
f0491118,65
f0491318,65
f0491618,7
f0479218,58
f0479018,58
f0478818,58
f0476218,50
f0473818,45
f0474018,45
f0474218,42
f0475718,5
f0475818,50
f0476018,50
f0476718,5
f0478718,5
f0476818,48
f0477018,48
f0477218,43
f0477818,5
f0478018,5
f0478218,5
f0492818,7
f0494018,7
f0503618,7
f0494318,4
f0501218,7
f0501318,4
f0501418,4
f0501518,4
f0501818,7
f0501918,4
f0502018,4
f0502118,4
f0502418,6
f0502518,6
f0502618,6
f0502718,6
f0503018,7
f0503118,7
f0503218,5
f0500918,4
f0500618,7
f0500018,7
f0497318,4
f0496418,7
f0496518,7
f0496618,7
f0496718,7
f0497018,7
f0497118,5
f0497618,7
f0499118,5
f0498218,7
f0498318,5
f0498518,4
f0498818,7
f0498918,7
f0499018,5
f0473518,7
f0472918,5
f0472718,4
f0472418,7
f04104,36
f04105,36
f04106,36
f04107,39
f04108,39
f04109,39
f04110,39
f04111,39
f04112,43
f04113,43
f04114,43
f0453010,30
f0453210,97
f0453310,15
f0453810,97
f04103,36
f04102,36
f04101,36
f00004,36
ALAND_Mi2_URB,90
ALAND_URB,90
HOU_RUR,35
POP_RUR,35
TOTALBLOCKS,90
URBANBLOCKS,90
f00005,43
f0355404,43
f00006,43
f00007,43
f00011,36
f00012,43
f0081176,89
f0355304,40
f0453910,15
f0460718,7
f0461318,65
f0471018,4
f0468718,5
f0468918,7
f0469918,5
f0470418,5
f0470518,4
f0470918,5
f0471218,4
f0468418,5
f0471418,7
f0471518,6
f0471718,6
f0471918,58
f0472018,5
f0472218,5
f0468518,7
f0468218,4
f0461418,53
f0466118,7
f0461518,65
f0461718,52
f0462318,7
f0463518,5
f0464018,5
f0464518,5
f0466318,7
f0468018,5
f0466518,7
f0467018,5
f0467518,5
f0467618,51
f0467718,9
f0467918,43
f0503318,5
f0503718,4
f0954118,78
f0893018,67
f0889818,43
f0889918,66
f0890018,43
f0890518,92
f0890618,17
f0890918,73
f0891018,73
f0891118,17
f0891218,73
f0892018,63
f0892118,73
f0892218,73
f0892318,17
f0892418,18
f0892518,73
f0889718,66
f0889618,43
f0889518,43
f0887918,66
f0887018,17
f0887118,16
f0887218,92
f0887618,63
f0887718,27
f0887818,17
f0888018,17
f0889418,20
f0888118,66
f0888218,17
f0888318,63
f0889018,7
f0889118,63
f0889218,7
f0892918,63
f0893118,43
f0503818,4
f0904718,73
f0931818,63
f0931918,66
f0932018,18
f0932318,63
f0932418,73
f0932518,20
f0932718,17
f0941518,77
f0941618,37
f0941718,77
f0941818,37
f0953718,92
f0953818,17
f0953918,43
f0954018,16
f0931718,20
f0931618,73
f0931518,20
f0913918,73
f0907118,73
f0907718,71
f0908318,67
f0910318,55
f0912718,57
f0913318,67
f0914518,67
f0931418,46
f0915118,66
f0916318,71
f0921518,66
f0930718,73
f0930818,20
f0931118,63
f0886918,92
f0886818,92
f0874110,84
f0874010,80
f0508518,57
f0508618,48
f0508718,48
f0509018,7
f0509618,7
f0509718,8
f0509918,5
f0510218,7
f0510818,58
f0510918,58
f0511018,58
f0511118,58
f0511418,43
f0511518,53
f0511618,56
f0508418,39
f0508118,5
f0507918,5
f0505418,7
f0503918,4
f0504218,7
f0504818,43
f0504918,43
f0505018,43
f0505118,45
f0506018,7
f0507818,7
f0506618,7
f0506718,5
f0507218,53
f0507318,50
f0507418,50
f0507518,50
f0511718,56
f0512618,7
f0512718,5
f0672510,82
f0671310,24
f0671410,83
f0671510,83
f0671610,83
f0671810,95
f0672310,82
f0672610,83
f0671110,82
f0672710,83
f0679419,14
f0852710,97
f0853210,97
f0853510,97
f0873810,84
f0671210,24
f0670910,84
f0512818,5
f0514518,4
f0512918,5
f0513818,8
f0513918,8
f0514018,8
f0514118,8
f0514418,53
f0515018,8
f0670810,84
f0515118,8
f0515218,8
f0524110,32
f0524210,32
f0670610,84
f0670710,84
f1145010,24
f1145210,98
f1349710,24
f1263018,66
f1261218,78
f1261318,78
f1261418,78
f1261518,78
f1261618,69
f1261718,69
f1261818,16
f1261918,69
f1262018,69
f1262118,69
f1262218,69
f1262518,78
f1262618,66
f1262718,78
f1262818,20
f1261118,78
f1260818,78
f1260718,78
f1259818,78
f1259218,78
f1259318,78
f1259418,66
f1259518,78
f1259618,66
f1259718,78
f1259918,78
f1260618,78
f1260018,78
f1260118,68
f1260218,68
f1260318,68
f1260418,78
f1260518,76
f1262918,67
f1263118,78
f13156,36
f1263318,76
f1265518,72
f1265618,17
f1265718,66
f1265818,17
f1266018,17
f1266118,73
f1266218,20
f1266318,7
f1266418,20
f1266518,7
f1266618,20
f1266718,73
f1266818,20
f1266914,10
f1267014,10
f1265418,20
f1265318,72
f1265218,20
f1264118,78
f1263418,78
f1263518,78
f1263618,78
f1263718,68
f1263918,78
f1264018,66
f1264218,78
f1265118,73
f1264518,72
f1264618,20
f1264718,73
f1264818,20
f1264918,66
f1265018,18
f1259118,66
f1259018,68
f1258918,78
f1258818,68
f1253318,8
f1253418,7
f1253518,9
f1253618,43
f1253718,7
f1253818,7
f1253918,7
f1254018,58
f1254118,39
f1254218,7
f1254318,7
f1254418,7
f1254518,8
f1254616,12
f1254716,12
f1253218,53
f1253118,7
f1253018,7
f1252118,7
f1251518,7
f1251618,7
f1251718,7
f1251818,7
f1251918,7
f1252018,7
f1252218,7
f1252918,7
f1252318,6
f1252418,7
f1252518,7
f1252618,7
f1252718,43
f1252818,7
f1254816,12
f1254916,10
f1255016,10
f1257818,76
f1257218,66
f1257318,69
f1257418,69
f1257518,78
f1257618,76
f1257718,76
f1257918,76
f1257018,55
f1258018,69
f1258218,71
f1258318,76
f1258418,78
f1258518,78
f1258718,78
f1257118,55
f1256918,55
f1255116,10
f1256018,76
f1255216,10
f1255316,10
f1255416,10
f1255516,10
f1255616,10
f1255818,83
f1256118,76
f1256818,66
f1256218,78
f1256318,78
f1256418,78
f1256518,66
f1256618,67
f1256718,67
f1267114,10
f1316416,10
f1251318,7
f1342210,99
f1340610,99
f1340710,99
f1340810,99
f1340910,99
f1341010,99
f1341110,99
f1341210,99
f1341310,99
f1341410,99
f1341510,99
f1341610,99
f1341710,99
f1341810,99
f1341910,99
f1342010,99
f1340510,99
f1340410,99
f1340310,99
f1339410,100
f1338810,100
f1338910,100
f1339010,100
f1339110,100
f1339210,100
f1339310,100
f1339510,100
f1340210,99
f1339610,100
f1339710,100
f1339810,100
f1339910,100
f1340010,99
f1340110,99
f1342110,99
f1342310,99
f1316516,10
f1342410,99
f1348210,1
f1348310,82
f1348410,82
f1348510,82
f1348610,82
f1348710,82
f1348810,82
f1348910,24
f1349010,24
f1349110,24
f1349210,82
f1349310,82
f1349410,82
f1349510,24
f1349610,24
f1348110,1
f1348010,84
f1347410,99
f1345910,99
f1342510,99
f1342610,99
f1342710,99
f1345410,83
f1345610,99
f1345810,100
f1346110,100
f1347210,100
f1346210,99
f1346410,97
f1346510,15
f1346710,100
f1346910,99
f1347110,96
f1338710,100
f1338610,100
f1338510,100
f1338410,100
f1321219,30
f1321319,30
f1321419,43
f1321519,76
f1321619,76
f1321719,76
f1321819,92
f1321919,53
f1322019,43
f1322119,43
f1322810,75
f1322910,75
f1323010,75
f1328218,51
f1328318,43
f1321119,30
f1319319,28
f1319219,12
f1318218,14
f1316616,10
f1316716,10
f1316816,10
f1316916,10
f1317918,43
f1318118,8
f1318418,61
f1319119,83
f1318518,17
f1318618,17
f1318718,43
f1318818,17
f1318918,17
f1319018,43
f1328518,8
f1328618,8
f1330918,55
f1337610,100
f1337010,96
f1337110,96
f1337210,100
f1337310,100
f1337410,100
f1337510,100
f1337710,100
f1336810,96
f1337810,100
f1337910,100
f1338010,100
f1338110,100
f1338210,100
f1338310,100
f1336910,96
f1336710,96
f1331018,55
f1331818,73
f1331118,43
f1331218,55
f1331318,78
f1331418,69
f1331518,68
f1331718,78
f1331918,20
f1336610,96
f1332019,33
f1332510,99
f1332710,100
f1332810,99
f1336310,96
f1336510,96
f1251418,7
f1251218,7
f1146510,83
f1189118,4
f1174418,61
f1174518,60
f1174718,43
f1174818,53
f1174918,43
f1185918,7
f1186118,4
f1186418,7
f1186918,7
f1187418,7
f1187918,7
f1188018,7
f1188218,7
f1188418,7
f1188918,7
f1174318,62
f1174118,60
f1174018,61
f1172318,53
f1171318,3
f1171418,7
f1171518,7
f1172018,7
f1172118,7
f1172218,8
f1173018,8
f1173918,60
f1173118,7
f1173218,8
f1173318,3
f1173518,43
f1173618,61
f1173718,60
f1189018,5
f1189218,4
f1197918,43
f1192416,10
f1194616,10
f1194716,10
f1194816,10
f1194916,10
f1195016,10
f1195116,10
f1195216,10
f1195316,10
f1195416,10
f1195516,10
f1195616,10
f1195716,10
f1195816,12
f1197318,7
f1197418,46
f1194516,12
f1194416,10
f1194316,10
f1193116,10
f1192516,10
f1192616,10
f1192716,10
f1192816,10
f1192916,10
f1193016,10
f1193216,10
f1194216,12
f1193316,10
f1193516,10
f1193616,10
f1193716,10
f1193816,10
f1194116,12
f1171218,8
f1171118,7
f1171018,3
f1170318,51
f1148610,97
f1149310,15
f1149410,15
f1149510,15
f1149610,15
f1149710,15
f1149810,15
f1149910,15
f1150010,15
f1150110,15
f1150210,15
f1150310,15
f1150410,15
f1150510,15
f1150610,15
f1148510,97
f1148410,97
f1148310,97
f1147410,97
f1146610,83
f1146910,97
f1147010,97
f1147110,97
f1147210,97
f1147310,97
f1147510,97
f1148210,97
f1147610,97
f1147710,97
f1147810,97
f1147910,97
f1148010,97
f1148110,97
f1150710,15
f1150810,15
f1150910,15
f1169018,51
f1166310,15
f1167918,9
f1168018,51
f1168118,9
f1168218,8
f1168318,57
f1169118,9
f1164910,15
f1169218,4
f1169318,43
f1169918,4
f1170018,53
f1170118,7
f1170218,57
f1166210,97
f1164810,15
f1151010,15
f1151710,15
f1151110,15
f1151210,15
f1151310,15
f1151410,15
f1151510,15
f1151610,15
f1151810,15
f1164510,83
f1160510,97
f1160610,15
f1164010,83
f1164110,83
f1164210,83
f1164410,83
f1197818,20
f1198419,43
f1251118,7
f1214404,40
f1210818,56
f1210918,56
f1211018,5
f1211118,51
f1211218,53
f1211318,51
f1211418,4
f1211518,8
f1211618,51
f1211718,51
f1212018,8
f1212118,53
f1213018,46
f1213118,20
f1213218,46
f1210718,54
f1210618,58
f1210518,53
f1209518,8
f1208818,4
f1208918,51
f1209018,4
f1209118,43
f1209218,50
f1209318,50
f1209618,9
f1210418,4
f1209718,8
f1209818,48
f1209918,48
f1210118,3
f1210218,5
f1210318,8
f1213318,19
f1214604,43
f1200118,65
f1242518,8
f1248615,31
f1248715,30
f1249220,28
f1249918,7
f1250018,65
f1250118,65
f1250218,49
f1250318,7
f1250418,7
f1250518,7
f1250618,7
f1250718,7
f1250818,7
f1250918,7
f1251018,7
f1248415,31
f1248315,85
f1248215,19
f1243218,8
f1242618,8
f1242718,8
f1242818,8
f1242918,8
f1243018,53
f1243118,51
f1243318,8
f1248115,92
f1243618,8
f1243718,53
f1243818,9
f1243918,51
f1244018,53
f1244200,92
f1208718,3
f1208618,3
f1208518,2
f1208318,53
f1202518,65
f1202618,65
f1202718,38
f1202818,49
f1202918,49
f1203018,49
f1203118,49
f1203218,43
f1203318,43
f1203618,4
f1203718,8
f1203818,4
f1203918,2
f1204018,4
f1204118,2
f1202318,65
f1202218,65
f1202118,38
f1200818,49
f1200218,53
f1200318,65
f1200418,57
f1200518,52
f1200618,49
f1200718,49
f1201118,49
f1202018,38
f1201218,43
f1201318,54
f1201418,57
f1201518,43
f1201818,65
f1201918,38
f1204218,4
f1204318,2
f1204518,2
f1207318,51
f1206718,2
f1206818,2
f1206918,2
f1207018,2
f1207118,53
f1207218,4
f1207418,53
f1206518,2
f1207518,53
f1207618,5
f1207718,51
f1207818,2
f1207918,2
f1208218,45
f1206618,2
f1206418,4
f1204718,8
f1205518,8
f1204918,2
f1205018,7
f1205118,7
f1205218,7
f1205318,51
f1205418,4
f1205618,2
f1206318,2
f1205718,2
f1205818,2
f1205918,2
f1206018,5
f1206118,53
f1206218,2
f1559018,78
